"Artist Name(s)","Track Name"
"Contrefaçon;Mokoa","Arp (Mokoa Remix)"
"Béesau","Costa"
"LOVRA","Love Sensation - Radio Mix"
"Mokado","TĀ MOKO"
"VAPA;Obsimo","Nachtigall - Obsimo Remix"
"neumodel","Black Block"
"Obsimo","Molly"
"Obsimo","Pyrocene"
"Obsimo","Humdrum"
"Tender Games","Tonsee"
"Vladimir Cauchemar","Sonata N°1 (Allegro, Piano Sonata No. 1) - Beethoven Remixed"
"Mathu","Acid Rain"
"Kodaman","Nostalgia 98"
"Montee;Shiita","Sans Fin"
"Psychooz","Where Is My Mind"
"Mathu","Psycomptine D'un Autre Été"
"Montee;Kyrill","Cyclone"
"GRAViiTY","UFO"
"Seephar","Recognise & Test"
"Contrefaçon;LAAKE","Acmé"
"Poumtica;Dreikanter","Miserere Allegri"
"GRAViiTY;Las Aves","N.E.M. - GRAViiTY Remix"
"Montee","Radiant"
"Kodaman","Pluie"
"Evil Grimace;Sto","Tard La Nuit"
"RAUMM","Plus Tard"
"GRAViiTY","Dance With Us"
"Mathu","Collision"
"Otah","Canopée"
"SCHLASS","IDÉES NOIRES"
"Mathu","Le Château Des Songes"
"Majes","Cello Adagio"
"Psychooz","Acid Sunrise"
"Seephar","Solace"
"GRAViiTY","Extra-Terra"
"Kodaman","Acid YZ"
"Contrefaçon;Bagarre","Rave à Versailles (Bagarre Remix)"
"La Kajofol","Hijo De La Luna (Moonchild) - Radio Edit"
"GRAViiTY","Alien Teens from Outerspace"
"TROTRAZ","L'eau distillée"
